,egg place venue id,egg place venue name,categories,cluster label,description,rating,tips count,been here count,venue likes count,listed count,address,latitude,longitude,postal code,tip id,text,lang,tip likes count,tip agree count,tip disagree count,user id,1st Most Common Venue,2nd Most Common Venue,3rd Most Common Venue,4th Most Common Venue,5th Most Common Venue,6th Most Common Venue,7th Most Common Venue,8th Most Common Venue,9th Most Common Venue,10th Most Common Venue
0,5293ae7d11d2fba382d9f652,Benedict,French Restaurant,0,"Ce restaurant et bar √† cocktails cosy propose cuisine et brunchs cr√©atifs, dont des recettes d‚Äô≈ìufs B√©n√©dicte.",9.0,172,0,519,1986,19 rue Sainte-Croix-de-la-Bretonnerie,48.85820815365001,2.3560811411196494,75004,54ccfbc2498e6c2ebd47301e,"Brunch food is highly recommended! There's a great verity and the eggs Benedict are the best I had. The staff is nice and the place is beautiful, don't pass on the cocktails or deserts. Go go go!",en,0,7,0,10665531,Dessert Shop,French Restaurant,Shop & Service,Clothing Store,Bar,Restaurant,Arts & Entertainment,Nightlife Spot,Italian Restaurant,Food
1,4b1411c6f964a520c09c23e3,Le Saint-R√©gis,Bistro,2,"Assiettes √† partager, plats classiques et carte de cocktails dans ce caf√©/bistrot intimiste au sol en damier.",8.6,190,0,493,1098,6 rue Jean du Bellay,48.852930295842626,2.353724241256714,75004,54a46608498ec41097fe6bc7,Must have the onion soup - really tasty (it comes with cheese and bread *in* the soup). Staff is so friendly and everyone's food looks delicious as well. Gets pretty crowded but it's worth it.,en,0,4,0,48778453,French Restaurant,Outdoors & Recreation,Creperie,Shop & Service,Restaurant,Food & Drink Shop,Dessert Shop,Italian Restaurant,Food,Bakery
2,53f32591498e1cd3c3ec2555,Holybelly 19,Breakfast Spot,2,Holybelly is a caf√© serving delicious coffee & food with a focus on seasonability and freshness. We believe in true hospitality & quality ingredients.,8.9,234,0,504,2864,19 rue Lucien Sampaix,48.87236651589251,2.360927357451203,75010,585bb3bf76b8b2188990233e,"Si vous avez le temps disponible pour tuer dans la r√©gion de Canel St. Martin, alors allez-y, sinon il ya beaucoup d'autres options probablement tout aussi bien dans l'ensemble.",fr,0,6,0,8705833,Coffee Shop,Asian Restaurant,Bakery,French Restaurant,Food,Restaurant,Athletics & Sports,Breakfast Spot,Hotel,Chinese Restaurant
3,4adcda14f964a5203a3721e3,Carette,Tea Room,2,no value,8.9,317,0,866,2344,4 place du Trocad√©ro,48.86358902223995,2.287205457687378,75016,5417f8e7498e054cb195797e,"Typicall Parisian decor, fresh french pastries, go for the brunch on sunday morning but you can enjoy a real breakfast all week long thaugh! Feels like a tea party with Alice & the Mad hatter. üòé",en,5,40,0,63374972,French Restaurant,Food,Arts & Entertainment,Hotel,Plaza,Asian Restaurant,Bar,Caf√©,Clothing Store,Coffee Shop
4,5116b70ce4b0d096ad258d22,Le Mary C√©leste,Cocktail Bar,0,Ce bar branch√© au cadre clair et aux briques apparentes propose des plats de saison et des cocktails.,9.1,166,0,527,2417,1 rue Commines,48.86174155463238,2.3650123178958893,75004,5968b1b58a6f177bd3dff057,Don't think twice about ordering the deviled eggs. Get two orders. Or three. They are that good. This place is adorable and has very inventive cocktails. Perfect for a before dinner drink & snack.,en,0,4,0,3048223,Clothing Store,Shop & Service,Coffee Shop,Dessert Shop,Arts & Entertainment,Bar,Caf√©,Italian Restaurant,Athletics & Sports,Bakery
5,4adcda04f964a520323221e3,Caf√© de Flore,Caf√©,0,"Apparu au d√©but de la Troisi√®me R√©publique, en 1885, le caf√© doit son nom √† une sculpture de la d√©esse du printemps Flore, situ√©e de l'autre c√¥t√© du Boulevard Saint-Germain.",8.4,558,0,2141,4105,172 boulevard Saint-Germain,48.85399681424528,2.3326457751586753,75006,548422f9498e279f2cb4cdd8,Sit outside if it is warm and in the enclosed patio if it's cold. The service can be rushed and the seating can be tight. But the coffee and orange juice are great and the people watching is too,en,2,22,0,18371,Clothing Store,Shop & Service,Italian Restaurant,French Restaurant,Food,Restaurant,Plaza,Japanese Restaurant,Hotel,Asian Restaurant
6,4adcda12f964a520543621e3,Angelina,Tea Room,0,"C‚Äôest en 1903 que le confiseur autrichien Antoine Rumpelmayer fonde Angelina, baptis√© ainsi en l‚Äôhonneur de sa belle-fille. Depuis plus d‚Äôun si√®cle, le salon de th√© s‚Äôest impos√© comme un lieu gourmand et raffin√©.",8.8,605,0,1541,3604,226 Rue de Rivoli,48.865089750224186,2.3284433919743606,75001,54806c40498e590805f97310,"Surprisingly the service is great considering how busy it gets here. Go early on a Sunday to get a good spot and enjoy the brunch menu. Typically touristic, but still great value for what you get.",en,0,14,0,96261537,Clothing Store,French Restaurant,Hotel,Shop & Service,Japanese Restaurant,Bar,Dessert Shop,Food,Restaurant,Coffee Shop
7,4bc5e23151b376b0ce8e1a6f,Ladur√©e,Pastry Shop,0,"Dans ce lieu unique offrant une vitrine sur les Champs-Elys√©es, emportez macarons, viennoiseries et autres douceurs √† d√©guster en famille ou entre amis. Pour une pause gourmande sur place, rendez-vous dans l'espace restaurant. Le bar attenant s√©duira, quant √† lui, les amateurs de cocktails.",8.9,996,0,3722,3714,75 Avenue des Champs Elys√©es,48.870780615282726,2.3030948638916016,75008,58c7bb4c297c163f6eaf232c,"Gorgeous Parisian cafe. The omelette was incredible, so silky and smooth, and pistachio pastry delicious. Head to the shop afterwards for your macaroon fix - boxed up is more expensive than in  a bag",en,0,54,0,4256154,Shop & Service,Hotel,French Restaurant,Clothing Store,Restaurant,Athletics & Sports,Bakery,Breakfast Spot,Caf√©,Chinese Restaurant
8,4b8a4680f964a520a76632e3,Les Bonnes S≈ìurs,French Restaurant,2,"Restaurant servant une cuisine du monde, de la bruschetta au tandoori, dans un d√©cor rouge et noir moderne.",7.4,37,0,60,206,8 rue du Pas de la Mule,48.85600439835367,2.366941119545712,75003,523d826611d25bd296f1c920,"Get the ""Formule"": a basket of breads with jams and chocolate, a selection of fresh juices, cafe, several types of egg dishes, and a selection of pastries or cheeses. You won't eat again until dinner!",en,1,1,0,881201,French Restaurant,Coffee Shop,Food,Shop & Service,Caf√©,Restaurant,Food & Drink Shop,Bakery,Arts & Entertainment,Hotel
9,583025d07ff1e43c19cd8599,Biglove Caff√®,Italian Restaurant,0,Brunch italien - Pizza napoletana sans gluten au four √† bois - Trattoria popolare.,9.0,91,0,249,1618,30 rue Debelleyme,48.86206260694734,2.363556952325989,75003,596a43289cadd91d40c36acf,AMAZING burrata and pasta! Good and friendly service. My husband and I had to wait half an hour but we arrived at 1pm left our phone number and went around for a drink next to the restaurant.,en,0,6,0,13381228,Bar,Food,Shop & Service,Food & Drink Shop,Coffee Shop,Clothing Store,Restaurant,Dessert Shop,Arts & Entertainment,Japanese Restaurant
10,4cc9f623b878a093404b799a,Eggs & Co,French Restaurant,0,"Restaurant accommodant les ≈ìufs avec divers ingr√©dients dans un d√©cor design, simple, avec poutres apparentes.",8.8,148,0,318,1323,11 rue Bernard Palissy,48.85311560765672,2.331547737121582,75006,51332593e4b0ed893b2b7a65,Super cute caf√© with very nice staff. Egg Benedict really are super delicious. Even when a bit pricy. But if you take it as brunch it's ok. Super busy. I guess reservation recommended.,en,2,9,0,16080993,Italian Restaurant,Clothing Store,French Restaurant,Shop & Service,Caf√©,Restaurant,Dessert Shop,Japanese Restaurant,Plaza,Chinese Restaurant
11,53037fbb498e6f8b7ada68a3,Caf√© Marlette,Breakfast Spot,1,no value,8.2,69,0,198,669,51 rue des Martyrs,48.88021167483201,2.340392007241914,75009,55055ab2498e718b1a339a0e,"Brunch parfait, tout √©tait d√©licieux (≈ìuf √† la coque, salade quinoa boulgour feta, soupe √† la courge, etc) et je ne parle m√™me pas de la tuerie du carotte cake. √ätre patient pour l'attente par contre",fr,0,1,0,40970626,Dessert Shop,Creperie,Bakery,Breakfast Spot,Hotel,French Restaurant,Coffee Shop,,,
12,4de77728e4cdfedb8a9dad41,Claus - La table du petit-d√©jeuner,Breakfast Spot,2,"Confitures et granola dans un caf√© cosy sp√©cialis√© dans le petit d√©jeuner, servant brunch et go√ªter.",8.3,150,0,331,1542,14 rue Jean-Jacques Rousseau,48.862457,2.34062,75001,5517b967498ed17beecb804d,"Amazing breakfast! You should get one of the pre-set menus that include juice, hot beverage, pastries, and yoghurt/eggs/pancakes. I though it was going to be very expensive but it was reasonable",en,1,5,0,95545547,French Restaurant,Food,Bar,Shop & Service,Bakery,Chinese Restaurant,Clothing Store,Food & Drink Shop,Arts & Entertainment,
13,524fef8411d29554626d9a1a,Le Pain Quotidien,Breakfast Spot,1,"Le Pain Quotidien porte bien son nom. Et pour nous, cela veut tout dire. Au-del√† des simples mots, c‚Äôest un mode de vie. ¬†",7.3,21,0,75,46,54 rue des Martyrs,48.880029714349604,2.340559959411621,75009,532f32e811d25a7984ef8374,"M√™me si le bio, ce n'est pas ce que vous chercher en premier, franchissez la porte parce que c'est franchement bon! Et maison! Prix align√©s avec le quartier.",fr,0,0,0,18310917,French Restaurant,Dessert Shop,Creperie,Bakery,Breakfast Spot,Hotel,Coffee Shop,,,
14,5710c77a498e3021c0641aa9,Hardware Soci√©t√©,Breakfast Spot,2,Cadre cosy pour cette antenne parisienne d'un caf√© australien qui sert des saveurs gourmandes pour le brunch.,9.3,125,0,346,2760,10 rue Lamarck,48.886901473803164,2.3444633609475147,75018,5819a9c238fae654aa1e2bfa,This has been the best brunch place I've found in Paris and it would take some beating. The food and drinks on offer are stunning and the taste is superb. Worth every penny!,en,0,12,0,347027554,French Restaurant,Restaurant,Food,Outdoors & Recreation,Bar,Dessert Shop,Asian Restaurant,Bakery,Creperie,Arts & Entertainment
15,4b8a5057f964a520146832e3,Twinkie Breakfasts,Breakfast Spot,0,no value,7.8,110,0,207,686,167 rue Saint-Denis,48.865297558872626,2.350472361762968,75002,585bb698ba8837582b820f88,Tr√®s fr√©quent√©. Ce n'est pas le meilleur. Mais ok.,fr,0,6,0,8705833,Bar,French Restaurant,Plaza,Athletics & Sports,Japanese Restaurant,Food,Bakery,Clothing Store,Coffee Shop,Restaurant
16,531499ec11d2a01b87e9e3a3,Paperboy,Breakfast Spot,0,no value,8.7,123,0,358,1712,137 rue Amelot,48.864665,2.366582,75011,5656ed3e498e7e33524924e7,"Was here during weekdays. Not busy, right away seating. The Paperboy Meat plate was huge and also the pancakes are quite large! Both options were excellent. Service very friendly and reasonable priced",en,0,2,0,241431,Bar,Shop & Service,Asian Restaurant,Bakery,Restaurant,Hotel,Food & Drink Shop,Arts & Entertainment,Food,Athletics & Sports
